transaction_id,restaurant_id,order_date,total_amount,tip_amount,items_count
T000001,R016,12/7/25,16.78,2.86,6
T000002,R009,12/20/25,122.63,0.76,13
T000003,R019,12/29/25,64.61,0.11,10
T000004,R022,12/15/25,63.78,0,3
T000005,R005,12/11/25,22.13,0.52,7
T000006,R027,12/8/25,18.75,0.59,4
T000007,R002,12/29/25,37.8,0.61,14
T000008,R030,12/21/25,2.03,0,3
T000009,R015,12/7/25,70.01,1.36,8
T000010,R007,12/26/25,292.36,1.49,13
T000011,R004,12/19/25,286.04,1.65,4
T000012,R001,12/23/25,199.32,1.32,11
T000013,R013,12/11/25,28.37,0,1
T000014,R020,12/11/25,51.28,0.56,6
T000015,R022,12/24/25,101.37,0.18,10
T000016,R007,12/21/25,300.44,0.44,11
T000017,R015,12/4/25,9.95,1.6,11
T000018,R023,12/8/25,20.96,0.21,1
T000019,R014,12/24/25,4.84,1.3,5
T000020,R023,12/3/25,107.81,1.3,7
T000021,R019,12/22/25,32.61,0,6
T000022,R022,12/21/25,9.09,1.47,14
T000023,R029,12/2/25,38.98,0.42,2
T000024,R024,12/24/25,33.69,3.46,11
T000025,R020,12/12/25,15.52,0.93,4
T000026,R029,12/30/25,4.22,2.3,11
T000027,R024,12/6/25,38.97,0,2
T000028,R018,12/2/25,25.71,0.08,11
T000029,R010,12/28/25,51.79,0,1
T000030,R009,12/21/25,25.7,0,3
T000031,R025,12/1/25,66.91,0,3
T000032,R008,12/12/25,28.1,2.39,12
T000033,R026,12/26/25,28.81,0,7
T000034,R030,12/22/25,73.25,0,1
T000035,R029,12/29/25,18.08,0.42,9
T000036,R010,12/12/25,5.04,1.65,11
T000037,R017,12/25/25,1.02,0,6
T000038,R002,12/17/25,187.41,6.31,4
T000039,R006,12/27/25,33.89,4.03,3
T000040,R026,12/27/25,42.62,0,3
T000041,R005,12/31/25,8.38,0.38,2
T000042,R028,12/10/25,5.13,0,2
T000043,R030,12/28/25,0.51,0.56,14
T000044,R009,12/28/25,15.11,2.42,12
T000045,R005,12/16/25,31.2,0.58,13
T000046,R018,12/15/25,17.43,1.54,10
T000047,R026,12/30/25,20.14,0.18,5
T000048,R020,12/30/25,82.08,1.37,9
T000049,R009,12/15/25,14.98,0,2
T000050,R017,12/30/25,25.25,0.93,2
T000051,R027,12/19/25,53.58,0.19,12
T000052,R017,12/12/25,17.68,1.4,6
T000053,R012,12/23/25,127.46,9.32,13
T000054,R007,12/20/25,317.29,1.22,10
T000055,R027,12/25/25,104.52,0.11,2
T000056,R003,12/3/25,5.57,0.03,12
T000057,R010,12/5/25,91.41,1.08,4
T000058,R002,12/19/25,87.14,3.14,6
T000059,R025,12/7/25,10.46,1.11,5
T000060,R003,12/21/25,21.51,0.46,1
T000061,R016,12/9/25,136.98,0.69,6
T000062,R002,12/7/25,118.19,2.66,1
T000063,R028,12/18/25,13.95,1.2,3
T000064,R024,12/4/25,35.12,0,10
T000065,R010,12/25/25,9.61,0,5
T000066,R006,12/28/25,2.76,2.08,14
T000067,R022,12/14/25,4.83,0.54,10
T000068,R026,12/18/25,4.8,0,13
T000069,R011,12/26/25,5.77,0,5
T000070,R023,12/9/25,5.23,1.65,13
T000071,R007,12/26/25,111.37,12.25,10
T000072,R027,12/21/25,7.03,0.14,6
T000073,R029,12/2/25,14.84,0.19,12
T000074,R015,12/20/25,79.48,1.35,10
T000075,R006,12/28/25,22.48,1.51,8
T000076,R020,12/15/25,38.55,0,5
T000077,R027,12/28/25,6.62,0.12,14
T000078,R009,12/7/25,7.47,0.09,11
T000079,R022,12/12/25,1.46,2.36,1
T000080,R020,12/29/25,6.48,0.37,5
T000081,R012,12/8/25,48.23,1.99,3
T000082,R019,12/15/25,6.82,0.27,4
T000083,R020,12/3/25,3.25,0.77,13
T000084,R003,12/14/25,4.5,0.08,8
T000085,R015,12/17/25,21.62,0.77,7
T000086,R002,12/4/25,36.76,0.22,11
T000087,R030,12/18/25,15.85,0,5
T000088,R021,12/8/25,103.65,0.76,2
T000089,R002,12/4/25,185.52,2.69,6
T000090,R022,12/2/25,1.4,2.97,11
T000091,R003,12/30/25,56.23,1.84,6
T000092,R006,12/6/25,34.6,0.8,10
T000093,R015,12/22/25,2.99,0.55,10
T000094,R027,12/10/25,72.38,0.57,14
T000095,R010,12/4/25,88.78,1.94,11
T000096,R009,12/22/25,2.21,7.2,6
T000097,R001,12/29/25,11.35,1.14,14
T000098,R016,12/31/25,57.43,1.43,9
T000099,R006,12/18/25,48.28,1.38,11
T000100,R009,12/26/25,7.14,0.88,8
T000101,R027,12/12/25,8.22,0.09,8
T000102,R004,12/2/25,16.2,0.87,1
T000103,R027,12/10/25,23.19,0,5
T000104,R028,12/30/25,33.71,0.27,7
T000105,R002,12/4/25,68.51,0,6
T000106,R029,12/14/25,21.73,0.31,5
T000107,R004,12/31/25,48.17,0,8
T000108,R001,12/16/25,1.31,0,3
T000109,R019,12/15/25,10.18,0,6
T000110,R026,12/8/25,43.73,1.48,5
T000111,R025,12/14/25,78.95,0,8
T000112,R010,12/23/25,25.09,0,4
T000113,R021,12/28/25,97.62,0,8
T000114,R015,12/25/25,3.97,3.67,10
T000115,R027,12/30/25,20.76,0,14
T000116,R022,12/8/25,26.62,0.71,2
T000117,R019,12/21/25,9.72,0,9
T000118,R016,12/16/25,10.98,0,13
T000119,R021,12/13/25,72.8,4.41,9
T000120,R027,12/18/25,0.71,1.09,14
T000121,R024,12/15/25,13.61,0,10
T000122,R022,12/21/25,8.31,1.03,10
T000123,R004,12/24/25,13.89,1.37,13
T000124,R002,12/26/25,19.21,0.4,6
T000125,R030,12/25/25,77.42,1.48,4
T000126,R025,12/28/25,31.51,0.14,4
T000127,R013,12/28/25,39.78,1.84,13
T000128,R028,12/28/25,54.48,2.67,6
T000129,R001,12/13/25,24.15,2.16,5
T000130,R017,12/9/25,3.18,0.04,6
T000131,R013,12/29/25,26.96,0.63,7
T000132,R004,12/15/25,30.94,0.53,7
T000133,R007,12/13/25,184.95,1.47,9
T000134,R017,12/1/25,19.78,0.1,8
T000135,R009,12/25/25,4.78,2.9,13
T000136,R004,12/7/25,11.68,0.85,6
T000137,R019,12/9/25,15.79,0.64,12
T000138,R001,12/24/25,36.34,0.53,6
T000139,R010,12/1/25,29.6,1.04,14
T000140,R004,12/12/25,15.41,0,5
T000141,R009,12/8/25,150.72,1.27,1
T000142,R013,12/24/25,32.58,3.53,9
T000143,R014,12/31/25,9.48,0.72,9
T000144,R010,12/11/25,3.76,5.09,9
T000145,R006,12/19/25,5.81,2.67,11
T000146,R016,12/17/25,9.88,0.41,8
T000147,R006,12/8/25,6.13,0,13
T000148,R017,12/3/25,7.23,0.17,10
T000149,R010,12/3/25,11.75,2.38,13
T000150,R018,12/1/25,6.66,0.84,3
T000151,R027,12/27/25,79.48,2.21,1
T000152,R022,12/5/25,2.93,3.54,11
T000153,R018,12/10/25,26.02,2.3,12
T000154,R003,12/7/25,18.49,2.19,12
T000155,R020,12/26/25,141.35,0.38,8
T000156,R027,12/9/25,4.16,0.09,7
T000157,R021,12/28/25,81.47,1.35,13
T000158,R025,12/7/25,122.12,0.33,5
T000159,R028,12/9/25,70.22,1.25,10
T000160,R015,12/8/25,59.45,0.59,7
T000161,R015,12/12/25,10.44,5.2,10
T000162,R004,12/2/25,6.56,0,4
T000163,R029,12/1/25,38.66,3.03,9
T000164,R027,12/16/25,92.76,0,11
T000165,R009,12/23/25,28.48,2.77,10
T000166,R027,12/23/25,29.67,0,14
T000167,R026,12/30/25,11.5,0.93,2
T000168,R019,12/24/25,51.36,0,9
T000169,R024,12/5/25,7.25,1.52,9
T000170,R028,12/3/25,13.69,0,5
T000171,R017,12/12/25,19.4,0.73,11
T000172,R011,12/8/25,24.8,0.53,1
T000173,R025,12/22/25,9.72,0.28,7
T000174,R009,12/27/25,4.27,0.48,10
T000175,R010,12/3/25,33.01,0.07,10
T000176,R018,12/1/25,11.92,0,4
T000177,R020,12/3/25,30.47,0.2,9
T000178,R013,12/5/25,5.87,5.77,6
T000179,R008,12/15/25,22.96,0.84,13
T000180,R007,12/14/25,114.33,9.51,3
T000181,R017,12/3/25,1.86,0,6
T000182,R021,12/1/25,48.18,1.01,13
T000183,R023,12/5/25,5.05,0,10
T000184,R015,12/26/25,2.29,1.01,6
T000185,R020,12/23/25,161.04,0,5
T000186,R015,12/31/25,13.62,1.79,2
T000187,R001,12/14/25,58.1,0,10
T000188,R025,12/7/25,10.29,1.69,10
T000189,R014,12/27/25,40.04,1.47,2
T000190,R005,12/9/25,49.98,0,7
T000191,R011,12/15/25,31.69,0,2
T000192,R016,12/15/25,22.32,2.12,12
T000193,R002,12/26/25,83.87,2.25,6
T000194,R008,12/10/25,15.02,0,5
T000195,R011,12/28/25,92.84,7.38,4
T000196,R029,12/13/25,62.15,0.06,7
T000197,R018,12/19/25,117.36,2.08,8
T000198,R003,12/31/25,4.65,7.2,4
T000199,R030,12/7/25,45.94,0.48,1
T000200,R026,12/17/25,97.51,0.16,1
T000201,R001,12/20/25,7,0.18,1
T000202,R011,12/29/25,2.41,0.51,11
T000203,R016,12/4/25,47.3,0,1
T000204,R018,12/30/25,29.9,1.65,5
T000205,R030,12/5/25,64.54,0,4
T000206,R016,12/23/25,5.27,0.75,13
T000207,R023,12/7/25,55.51,10,14
T000208,R010,12/13/25,7.88,2.94,9
T000209,R018,12/15/25,6.26,1.67,3
T000210,R006,12/11/25,6.28,0.51,14
T000211,R019,12/29/25,58.98,0,7
T000212,R004,12/4/25,38.3,0,11
T000213,R027,12/13/25,25.91,0.58,8
T000214,R013,12/7/25,15.56,0.2,6
T000215,R024,12/27/25,73.4,2.29,12
T000216,R014,12/19/25,17.44,0,13
T000217,R003,12/22/25,59.36,0,10
T000218,R010,12/28/25,20.24,0.8,13
T000219,R006,12/2/25,16.56,0.75,1
T000220,R001,12/10/25,21.74,0,8
T000221,R023,12/13/25,12.55,2.31,10
T000222,R024,12/30/25,48.19,2.05,3
T000223,R027,12/25/25,24.45,0.01,8
T000224,R014,12/21/25,9.25,0.75,12
T000225,R008,12/6/25,80.44,0.92,4
T000226,R019,12/28/25,16.95,0,8
T000227,R014,12/28/25,27.45,0,11
T000228,R010,12/12/25,82.93,2,1
T000229,R017,12/12/25,34.26,0,3
T000230,R009,12/20/25,4.35,0,6
T000231,R029,12/30/25,98.37,0,9
T000232,R006,12/30/25,34.58,0.02,2
T000233,R011,12/11/25,14.27,0.48,11
T000234,R025,12/26/25,5.25,5.21,1
T000235,R007,12/23/25,252.56,0,10
T000236,R017,12/28/25,33.87,5.61,3
T000237,R028,12/25/25,26.68,0.94,4
T000238,R028,12/7/25,78.52,0,11
T000239,R001,12/30/25,54.39,0.83,5
T000240,R022,12/1/25,5.76,0,3
T000241,R005,12/1/25,13.07,0,13
T000242,R009,12/25/25,10,0.18,10
T000243,R018,12/27/25,47.68,0.94,11
T000244,R024,12/30/25,1.19,0.23,2
T000245,R027,12/25/25,29.53,0.69,2
T000246,R021,12/20/25,230.78,0,7
T000247,R002,12/13/25,224.49,1.9,9
T000248,R029,12/9/25,14.65,0,10
T000249,R026,12/3/25,60.26,0,2
T000250,R011,12/7/25,4.1,0.65,7
T000251,R027,12/6/25,65.58,2.69,7
T000252,R028,12/8/25,4.77,3.12,11
T000253,R006,12/27/25,17.72,5.44,7
T000254,R026,12/9/25,55.86,2.71,3
T000255,R008,12/30/25,5.68,0,12
T000256,R004,12/5/25,9.11,1.63,7
T000257,R018,12/1/25,44.84,0.81,1
T000258,R028,12/19/25,44.56,0.51,10
T000259,R011,12/10/25,35.87,1.93,1
T000260,R005,12/12/25,41.44,0.07,5
T000261,R015,12/24/25,27.39,2.44,2
T000262,R028,12/15/25,10.15,0.87,9
T000263,R018,12/27/25,14.85,1.77,7
T000264,R002,12/22/25,23.26,0,4
T000265,R022,12/24/25,83.68,3.95,4
T000266,R011,12/9/25,30.65,1.42,2
T000267,R026,12/20/25,17.93,0,5
T000268,R025,12/17/25,21.7,0,4
T000269,R013,12/30/25,103,0.77,12
T000270,R004,12/17/25,5.83,0,13
T000271,R022,12/26/25,30.89,0,1
T000272,R007,12/20/25,83.04,3.45,12
T000273,R029,12/12/25,33.09,1.6,8
T000274,R011,12/30/25,0.64,0.04,3
T000275,R022,12/7/25,71.98,0.16,14
T000276,R024,12/2/25,94.15,0,6
T000277,R004,12/3/25,29.15,0,4
T000278,R028,12/17/25,41.75,0.08,9
T000279,R015,12/5/25,89.51,0.02,7
T000280,R001,12/17/25,42.99,3.29,9
T000281,R023,12/24/25,5.79,2.34,10
T000282,R003,12/17/25,30.05,0.46,3
T000283,R014,12/27/25,32.66,0,1
T000284,R006,12/17/25,19.32,0.75,5
T000285,R018,12/2/25,46.67,0,3
T000286,R025,12/2/25,95.33,1.52,6
T000287,R001,12/28/25,90.93,0,8
T000288,R006,12/22/25,20.98,0,11
T000289,R006,12/23/25,4.21,0.11,13
T000290,R021,12/5/25,712.02,0,4
T000291,R016,12/1/25,63.9,2.53,5
T000292,R029,12/1/25,4.66,0.54,5
T000293,R005,12/19/25,88.77,0.03,4
T000294,R017,12/30/25,71.38,0.15,4
T000295,R010,12/2/25,25.6,3.61,4
T000296,R028,12/21/25,31.31,0.49,4
T000297,R021,12/12/25,78.17,6.27,4
T000298,R018,12/26/25,1.97,1.03,5
T000299,R007,12/6/25,49.48,1.83,2
T000300,R003,12/23/25,56.83,0.4,2
T000301,R013,12/4/25,0.16,0,9
T000302,R015,12/23/25,14.2,1.67,2
T000303,R020,12/11/25,17.77,2.61,6
T000304,R019,12/24/25,26.98,1.08,2
T000305,R003,12/27/25,88.34,0.79,5
T000306,R004,12/17/25,14.88,0,4
T000307,R005,12/31/25,14.91,6.05,12
T000308,R001,12/6/25,46.81,0,7
T000309,R004,12/24/25,21.07,0.61,7
T000310,R012,12/5/25,36.29,14.99,13
T000311,R028,12/20/25,21.08,1.29,6
T000312,R027,12/2/25,5.31,0,10
T000313,R024,12/6/25,6.79,0,5
T000314,R010,12/22/25,24.15,0,1
T000315,R023,12/11/25,19,1.12,12
T000316,R025,12/31/25,86.22,0.14,3
T000317,R021,12/16/25,52.18,1.02,9
T000318,R029,12/16/25,30.41,0,14
T000319,R026,12/1/25,35.01,0.45,1
T000320,R020,12/9/25,0.46,0.65,5
T000321,R024,12/28/25,38.12,0,2
T000322,R025,12/27/25,6.86,0.61,4
T000323,R013,12/6/25,113.61,1,14
T000324,R023,12/16/25,5.63,0,14
T000325,R014,12/29/25,18.74,0,11
T000326,R023,12/3/25,3.12,0.14,1
T000327,R005,12/20/25,201.88,0.38,3
T000328,R004,12/28/25,24.41,2.29,10
T000329,R014,12/27/25,31.67,1.09,7
T000330,R010,12/4/25,2.43,0,10
T000331,R017,12/19/25,48.51,2.96,3
T000332,R010,12/26/25,8.25,2.07,4
T000333,R026,12/3/25,79.92,1.97,2
T000334,R007,12/31/25,24.8,9.1,3
T000335,R016,12/19/25,7.4,0,9
T000336,R001,12/20/25,1.3,1.97,3
T000337,R017,12/7/25,22.36,0.86,11
T000338,R021,12/20/25,139.41,4.49,5
T000339,R029,12/9/25,2.38,0,2
T000340,R009,12/1/25,52.29,2.62,4
T000341,R006,12/8/25,21.13,1.12,12
T000342,R019,12/7/25,26.01,0.34,13
T000343,R013,12/18/25,20.34,1.38,7
T000344,R003,12/8/25,17.92,0,14
T000345,R007,12/1/25,114.85,10.55,7
T000346,R022,12/11/25,5.9,0,12
T000347,R009,12/28/25,7.03,0.32,3
T000348,R022,12/25/25,69.26,0.15,5
T000349,R005,12/25/25,102.23,2.27,1
T000350,R010,12/18/25,16.36,1.79,10
T000351,R023,12/23/25,11.05,0.25,10
T000352,R017,12/31/25,36.15,0,10
T000353,R012,12/30/25,75.75,6.18,11
T000354,R023,12/10/25,0.9,1.85,1
T000355,R016,12/3/25,5.94,1.37,5
T000356,R003,12/7/25,44.05,1.56,13
T000357,R030,12/28/25,37.65,0.99,10
T000358,R025,12/16/25,0.96,0,9
T000359,R022,12/26/25,8.78,1.46,1
T000360,R009,12/16/25,9.2,2.04,1
T000361,R029,12/25/25,39,2.17,4
T000362,R015,12/20/25,0.7,1.77,4
T000363,R005,12/28/25,3.85,2,2
T000364,R023,12/17/25,56.32,0.18,9
T000365,R013,12/2/25,6.88,0,14
T000366,R014,12/1/25,37.02,0.01,9
T000367,R020,12/16/25,9.52,0.4,13
T000368,R015,12/30/25,3.67,1.81,13
T000369,R016,12/12/25,9.75,5.05,2
T000370,R023,12/5/25,44.84,0,14
T000371,R013,12/5/25,67.75,0.54,9
T000372,R017,12/27/25,62.06,0,6
T000373,R023,12/23/25,17.71,0.24,8
T000374,R008,12/9/25,38.6,1.13,10
T000375,R021,12/9/25,38.33,5.63,13
T000376,R002,12/3/25,46.62,4.6,13
T000377,R005,12/19/25,79.33,0,4
T000378,R006,12/16/25,0.46,0,2
T000379,R012,12/16/25,14.24,0,2
T000380,R018,12/3/25,8.16,1.13,9
T000381,R030,12/20/25,0.94,0.01,1
T000382,R022,12/24/25,7.01,2,12
T000383,R022,12/22/25,30.62,0.06,7
T000384,R001,12/24/25,19.15,0,11
T000385,R030,12/1/25,78.12,0.24,14
T000386,R017,12/24/25,59.52,5.55,3
T000387,R030,12/20/25,14.64,0.8,3
T000388,R011,12/11/25,10.51,0.69,2
T000389,R010,12/17/25,16.71,0.23,14
T000390,R019,12/8/25,31.23,0,10
T000391,R014,12/4/25,10.92,3.66,6
T000392,R026,12/6/25,34.25,0,13
T000393,R010,12/8/25,18.43,0.64,10
T000394,R015,12/20/25,28.11,1.04,2
T000395,R028,12/30/25,20.05,1.79,10
T000396,R019,12/3/25,12.21,3.04,4
T000397,R004,12/16/25,103.78,0,10
T000398,R002,12/30/25,179.47,1.91,9
T000399,R009,12/25/25,5.28,0.74,9
T000400,R010,12/3/25,71,2.08,6
T000401,R028,12/25/25,23.39,0,13
T000402,R011,12/29/25,78.73,1.35,4
T000403,R014,12/18/25,56.31,0,7
T000404,R007,12/14/25,91.4,6.62,14
T000405,R023,12/18/25,0.8,0.17,1
T000406,R015,12/2/25,10.95,0,12
T000407,R022,12/22/25,27.3,0.69,4
T000408,R019,12/3/25,35.13,1.44,5
T000409,R022,12/16/25,10.44,0.12,8
T000410,R015,12/29/25,5.25,1.52,12
T000411,R030,12/9/25,63.05,1.15,2
T000412,R028,12/4/25,145.62,0,12
T000413,R024,12/1/25,26.11,0,5
T000414,R008,12/4/25,6.59,0,6
T000415,R011,12/1/25,11.13,1.72,5
T000416,R029,12/14/25,0.65,0.33,13
T000417,R009,12/21/25,85.99,3.05,9
T000418,R015,12/16/25,4.38,0,10
T000419,R001,12/20/25,30.07,0.11,1
T000420,R030,12/24/25,11.21,0.11,14
T000421,R001,12/8/25,28.27,0.57,3
T000422,R019,12/7/25,36.89,2.69,14
T000423,R003,12/3/25,61.97,1.29,2
T000424,R010,12/17/25,8.09,2.72,12
T000425,R008,12/1/25,0.39,0.76,13
T000426,R015,12/16/25,5.15,1.02,3
T000427,R010,12/12/25,80.6,0,10
T000428,R001,12/27/25,72.47,0.56,9
T000429,R029,12/19/25,31.84,0,13
T000430,R018,12/22/25,32.12,0.16,14
T000431,R002,12/23/25,162.8,1.11,9
T000432,R019,12/22/25,6.75,1.6,10
T000433,R013,12/14/25,86.04,1.4,2
T000434,R022,12/30/25,18.99,8.97,14
T000435,R001,12/6/25,16.91,3.79,3
T000436,R002,12/6/25,121.42,4.09,14
T000437,R029,12/13/25,1.68,0.96,4
T000438,R016,12/19/25,6.37,1.06,9
T000439,R015,12/22/25,46.88,0,3
T000440,R013,12/8/25,3.02,0,13
T000441,R016,12/27/25,32.35,0.74,7
T000442,R017,12/27/25,9.85,1.92,12
T000443,R021,12/2/25,58.98,1.51,3
T000444,R029,12/21/25,11.92,1.19,7
T000445,R029,12/30/25,15.38,0.93,7
T000446,R007,12/1/25,181.95,0,9
T000447,R024,12/28/25,12.34,0.47,2
T000448,R026,12/15/25,29.25,0,13
T000449,R017,12/1/25,22.62,0.03,6
T000450,R007,12/5/25,123.99,0.09,9
T000451,R013,12/28/25,96.67,0,12
T000452,R005,12/29/25,46.16,0.45,12
T000453,R026,12/16/25,8.47,1.02,2
T000454,R017,12/19/25,1.11,0,2
T000455,R003,12/4/25,10.65,0,13
T000456,R007,12/3/25,110.53,0.9,14
T000457,R026,12/17/25,1.85,0.98,5
T000458,R017,12/17/25,24.01,3.61,10
T000459,R007,12/12/25,116.83,6.77,10
T000460,R021,12/28/25,51.6,0.79,12
T000461,R001,12/30/25,51.58,2.84,10
T000462,R017,12/29/25,3.95,0.86,8
T000463,R030,12/14/25,2.73,0.92,11
T000464,R017,12/21/25,45.59,0,9
T000465,R011,12/6/25,23.95,0,2
T000466,R025,12/3/25,40.81,1.82,5
T000467,R027,12/28/25,19.97,1.2,14
T000468,R029,12/9/25,9.9,0.6,7
T000469,R003,12/5/25,59.84,2.29,6
T000470,R015,12/24/25,56.23,1.52,6
T000471,R029,12/29/25,41.53,0.3,7
T000472,R021,12/17/25,35.18,0,3
T000473,R011,12/14/25,31.23,0.2,13
T000474,R026,12/21/25,15.67,1.95,3
T000475,R028,12/31/25,3.36,0,10
T000476,R016,12/3/25,87.24,3.29,9
T000477,R025,12/28/25,5.15,0.08,14
T000478,R022,12/1/25,105.02,0.06,8
T000479,R028,12/20/25,20.67,0,5
T000480,R009,12/31/25,7.17,0.32,6
T000481,R024,12/29/25,27.32,0,11
T000482,R024,12/21/25,72.21,4.14,12
T000483,R001,12/23/25,46.12,0.5,10
T000484,R029,12/1/25,57.5,0,1
T000485,R025,12/3/25,37.63,1.99,10
T000486,R022,12/18/25,41.25,1.05,12
T000487,R016,12/25/25,66.21,1.57,1
T000488,R009,12/10/25,10.05,0,4
T000489,R019,12/31/25,23.53,0.7,2
T000490,R012,12/22/25,35.01,0.07,11
T000491,R019,12/26/25,153.84,0.09,7
T000492,R022,12/3/25,100.92,2.49,2
T000493,R009,12/8/25,1.41,0.21,10
T000494,R007,12/14/25,152.26,2.51,2
T000495,R014,12/24/25,90.78,0,5
T000496,R029,12/18/25,6.97,0.45,4
T000497,R019,12/15/25,29.37,0,8
T000498,R019,12/22/25,86.48,0.02,4
T000499,R002,12/23/25,4.24,0,14
T000500,R009,12/2/25,41.84,3.47,12
T000501,R013,12/31/25,12.35,0.86,6
T000502,R015,12/27/25,90.38,2.9,5
T000503,R003,12/10/25,123.99,0.06,11
T000504,R011,12/2/25,101.05,0.57,14
T000505,R021,12/26/25,103.12,0.61,2
T000506,R014,12/17/25,69.33,1.38,11
T000507,R030,12/8/25,65.15,4.18,13
T000508,R025,12/1/25,13.45,0.31,12
T000509,R008,12/9/25,61.8,0,14
T000510,R018,12/11/25,1.32,0.31,8
T000511,R019,12/22/25,31.75,0.87,2
T000512,R016,12/16/25,9.15,0.87,9
T000513,R002,12/7/25,14.86,9.14,9
T000514,R008,12/29/25,2.8,0.98,3
T000515,R022,12/10/25,41.71,0,4
T000516,R006,12/23/25,14.54,0.21,8
T000517,R012,12/26/25,135.95,0.58,9
T000518,R015,12/3/25,2.37,0,3
T000519,R025,12/18/25,13.26,0.4,5
T000520,R008,12/25/25,27.14,3.33,11
T000521,R004,12/24/25,54.74,0,8
T000522,R015,12/13/25,13.43,0,3
T000523,R028,12/28/25,34.41,0.21,7
T000524,R020,12/26/25,76,2.75,11
T000525,R025,12/7/25,33.49,0,8
T000526,R017,12/25/25,9.28,0.07,10
T000527,R013,12/4/25,0.86,1.72,11
T000528,R018,12/13/25,71.43,1.1,14
T000529,R002,12/20/25,2.58,0.31,3
T000530,R013,12/1/25,72.7,1.07,2
T000531,R013,12/8/25,26.35,0.7,10
T000532,R022,12/14/25,97.93,0,13
T000533,R015,12/16/25,56.12,5.1,7
T000534,R020,12/14/25,216.38,3.32,12
T000535,R029,12/12/25,15.12,1.55,9
T000536,R027,12/19/25,51.01,1.09,1
T000537,R010,12/23/25,17.99,0.93,3
T000538,R029,12/15/25,22.88,1.84,5
T000539,R003,12/28/25,34.56,1.38,3
T000540,R019,12/2/25,72.41,0.09,1
T000541,R003,12/2/25,144.91,0.75,7
T000542,R022,12/23/25,51.18,1.72,7
T000543,R014,12/31/25,18.93,0,10
T000544,R008,12/22/25,19.15,0.09,12
T000545,R027,12/19/25,46.82,2.16,8
T000546,R023,12/25/25,9.55,0,5
T000547,R030,12/26/25,4.1,0,10
T000548,R004,12/31/25,15.33,0.19,12
T000549,R027,12/30/25,11.85,0.56,5
T000550,R028,12/29/25,12.3,1.98,5
T000551,R020,12/22/25,9.31,1.03,1
T000552,R011,12/26/25,1.51,0.24,10
T000553,R026,12/26/25,0.63,2.21,5
T000554,R011,12/22/25,154,2.22,6
T000555,R027,12/17/25,19.54,2.15,13
T000556,R030,12/20/25,16.98,0.29,12
T000557,R011,12/10/25,39.84,1.05,1
T000558,R002,12/6/25,39.65,18.57,11
T000559,R030,12/15/25,104.82,2.07,7
T000560,R017,12/22/25,54.02,0,1
T000561,R009,12/11/25,3.28,0.09,11
T000562,R028,12/28/25,18.92,0,2
T000563,R028,12/5/25,73.95,2.52,2
T000564,R002,12/1/25,463.1,0,5
T000565,R029,12/8/25,22.05,0.96,14
T000566,R024,12/21/25,33.26,0.16,10
T000567,R015,12/28/25,6.4,0,13
T000568,R016,12/12/25,165.53,3.02,7
T000569,R025,12/12/25,9.22,0.5,1
T000570,R004,12/5/25,100.1,1.57,10
T000571,R008,12/7/25,36.71,4.67,1
T000572,R009,12/4/25,32.75,0.4,1
T000573,R026,12/6/25,25.16,0,6
T000574,R026,12/13/25,9.18,0.36,2
T000575,R005,12/20/25,6.8,2.76,1
T000576,R016,12/30/25,8.72,0.9,6
T000577,R013,12/15/25,7.22,1.76,14
T000578,R030,12/3/25,52.93,2.8,2
T000579,R007,12/23/25,65.91,1.79,6
T000580,R026,12/8/25,2.09,2.59,10
T000581,R020,12/20/25,121.7,0,8
T000582,R017,12/16/25,75.33,0.24,2
T000583,R003,12/13/25,91.97,1.67,11
T000584,R005,12/18/25,184.8,0,9
T000585,R019,12/28/25,6.69,0.53,8
T000586,R012,12/10/25,69.25,9.21,12
T000587,R029,12/30/25,49.69,4.14,10
T000588,R027,12/19/25,41.68,0.34,1
T000589,R007,12/17/25,28.01,7.71,7
T000590,R028,12/24/25,59.22,0,14
T000591,R009,12/31/25,8.9,0.24,13
T000592,R028,12/19/25,8.87,0.36,10
T000593,R006,12/28/25,26.95,0,6
T000594,R029,12/26/25,31.46,0,14
T000595,R026,12/23/25,30.37,0.17,6
T000596,R017,12/26/25,3.36,1.02,6
T000597,R016,12/5/25,73.48,0,6
T000598,R023,12/26/25,10.8,0.15,10
T000599,R003,12/21/25,4.85,3.75,7
T000600,R021,12/30/25,368.06,5.87,12
T000601,R026,12/23/25,109.05,0.74,3
T000602,R004,12/31/25,69.35,4.78,14
T000603,R010,12/9/25,58.04,0.76,6
T000604,R005,12/12/25,37.27,0,3
T000605,R021,12/21/25,105.56,4.2,7
T000606,R022,12/1/25,3.19,1.06,7
T000607,R030,12/26/25,18.38,0.32,8
T000608,R010,12/26/25,16.32,3.74,2
T000609,R012,12/1/25,39.79,1.06,9
T000610,R010,12/15/25,44.98,0.25,13
T000611,R029,12/2/25,23.97,0.02,5
T000612,R013,12/30/25,2.96,1.44,9
T000613,R011,12/22/25,8.7,1.05,10
T000614,R022,12/16/25,40.24,1.33,5
T000615,R016,12/25/25,2.77,0,7
T000616,R008,12/8/25,66.68,0.12,11
T000617,R008,12/13/25,23.92,0,9
T000618,R027,12/21/25,22.93,0,4
T000619,R025,12/1/25,31.41,2.73,2
T000620,R008,12/16/25,60.94,2.99,9
T000621,R013,12/29/25,14.96,0,13
T000622,R027,12/7/25,39.66,0,2
T000623,R002,12/31/25,116.13,0.96,3
T000624,R030,12/5/25,10.87,1.11,10
T000625,R030,12/22/25,73.81,0,2
T000626,R012,12/29/25,245.29,1.15,3
T000627,R010,12/23/25,37.6,0.77,6
T000628,R012,12/3/25,297.88,2.13,3
T000629,R011,12/12/25,70.69,2.47,10
T000630,R015,12/26/25,43.13,0.43,8
T000631,R016,12/16/25,63.49,0.27,11
T000632,R017,12/19/25,41.85,0,6
T000633,R026,12/5/25,39.9,3.06,7
T000634,R002,12/22/25,129.95,0,1
T000635,R018,12/25/25,48.9,0,3
T000636,R012,12/29/25,19.25,0.64,3
T000637,R019,12/14/25,74.46,0,2
T000638,R026,12/28/25,71.91,0.84,7
T000639,R023,12/5/25,1.04,2.42,9
T000640,R018,12/15/25,61.17,1.84,4
T000641,R030,12/17/25,4.83,0,12
T000642,R017,12/30/25,14.29,0.46,5
T000643,R030,12/14/25,47.62,2.58,3
T000644,R006,12/30/25,6.13,0.89,11
T000645,R025,12/20/25,59.62,0,9
T000646,R015,12/5/25,62.46,1.41,14
T000647,R003,12/12/25,24.79,0.19,4
T000648,R006,12/16/25,0.22,1.18,5
T000649,R003,12/26/25,11.84,0.41,1
T000650,R030,12/26/25,33.58,0,11
T000651,R029,12/16/25,139.06,0.08,12
T000652,R001,12/21/25,34.97,0,13
T000653,R030,12/7/25,10.53,3.39,2
T000654,R013,12/4/25,35.18,0,12
T000655,R028,12/1/25,27.18,3.17,13
T000656,R021,12/30/25,164,0,9
T000657,R026,12/30/25,3.96,1.44,2
T000658,R014,12/5/25,50.1,1.24,5
T000659,R013,12/23/25,27.28,1.26,13
T000660,R027,12/26/25,115.38,0,8
T000661,R004,12/10/25,14.64,0.25,3
T000662,R007,12/22/25,147.1,0,6
T000663,R022,12/5/25,94.1,0.38,4
T000664,R010,12/4/25,3.79,1.11,11
T000665,R007,12/2/25,479.99,0,7
T000666,R021,12/20/25,166.66,6.02,10
T000667,R015,12/31/25,2.46,2.54,14
T000668,R015,12/10/25,12.53,2.17,13
T000669,R004,12/26/25,43.11,1.15,3
T000670,R023,12/19/25,2.44,0.42,6
T000671,R023,12/26/25,30.54,3.33,12
T000672,R006,12/1/25,14.86,0,10
T000673,R024,12/24/25,33.95,0,9
T000674,R020,12/5/25,1.64,0,11
T000675,R026,12/13/25,71.82,0.62,10
T000676,R005,12/4/25,127.06,0,1
T000677,R020,12/16/25,121.44,0,3
T000678,R012,12/24/25,235,2.41,2
T000679,R001,12/16/25,4.88,0.5,8
T000680,R028,12/23/25,49.7,6.59,7
T000681,R008,12/2/25,0.87,0,2
T000682,R001,12/17/25,0.78,0,6
T000683,R005,12/28/25,13.68,0,3
T000684,R022,12/27/25,23.47,2.36,8
T000685,R006,12/20/25,51.5,0,10
T000686,R029,12/24/25,40.24,0.57,13
T000687,R021,12/12/25,77.29,5.58,3
T000688,R003,12/18/25,11.19,0.6,10
T000689,R015,12/3/25,204.8,3.38,14
T000690,R005,12/28/25,19.44,0,9
T000691,R028,12/1/25,21.01,2.29,1
T000692,R024,12/1/25,6.25,0.03,5
T000693,R014,12/29/25,55.43,3.46,3
T000694,R018,12/19/25,41.41,1.82,6
T000695,R016,12/11/25,8.73,0.51,10
T000696,R006,12/5/25,3.01,0,2
T000697,R025,12/12/25,39.93,0.58,9
T000698,R024,12/3/25,37.2,2.89,6
T000699,R014,12/1/25,11.17,0.17,7
T000700,R027,12/1/25,105.46,1.7,5
T000701,R024,12/8/25,5.73,1.09,9
T000702,R008,12/10/25,19.82,0.11,1
T000703,R029,12/11/25,100.64,0.48,5
T000704,R007,12/12/25,94.7,0,11
T000705,R008,12/29/25,35.61,0,10
T000706,R013,12/13/25,17.74,0.38,11
T000707,R006,12/12/25,11.22,1.6,6
T000708,R018,12/31/25,144.68,0.49,7
T000709,R002,12/14/25,69.91,0.84,12
T000710,R008,12/2/25,78.58,2.38,4
T000711,R011,12/29/25,9.15,0.07,12
T000712,R001,12/19/25,8.39,2.45,13
T000713,R022,12/18/25,1.11,3.35,1
T000714,R029,12/3/25,36.91,0,11
T000715,R006,12/23/25,16.09,0,8
T000716,R016,12/17/25,69.92,3.9,10
T000717,R027,12/26/25,22.43,0,4
T000718,R020,12/8/25,120.68,0.14,3
T000719,R012,12/29/25,34.02,0.62,12
T000720,R011,12/26/25,71.04,2.77,7
T000721,R029,12/10/25,52.46,0.05,12
T000722,R027,12/26/25,51.58,0.92,2
T000723,R029,12/30/25,65.2,9.43,8
T000724,R010,12/2/25,50.1,2.03,14
T000725,R003,12/19/25,34.44,0,6
T000726,R013,12/9/25,4.92,0.09,7
T000727,R027,12/7/25,1.16,3.12,14
T000728,R003,12/4/25,88.77,0.96,5
T000729,R015,12/26/25,33.56,0.17,9
T000730,R016,12/21/25,55.73,0.14,5
T000731,R029,12/18/25,22.99,0,11
T000732,R013,12/13/25,4.37,0,5
T000733,R017,12/11/25,4.68,2.47,3
T000734,R003,12/29/25,40.49,2.96,11
T000735,R020,12/24/25,19.69,1.48,1
T000736,R011,12/4/25,7.83,1.02,2
T000737,R027,12/25/25,23.68,0.99,8
T000738,R021,12/21/25,11.05,0.95,1
T000739,R019,12/29/25,30.53,0,7
T000740,R022,12/25/25,10.97,2.6,14
T000741,R011,12/4/25,55.91,0.97,14
T000742,R030,12/10/25,13.01,0,5
T000743,R028,12/5/25,21.26,1.03,3
T000744,R016,12/9/25,0.41,1.63,12
T000745,R021,12/24/25,10.37,2.53,12
T000746,R003,12/3/25,17.44,1.57,11
T000747,R022,12/17/25,22.88,1.7,7
T000748,R006,12/3/25,32.07,0.28,9
T000749,R014,12/16/25,12.07,0,2
T000750,R024,12/4/25,41.56,0,8
T000751,R018,12/18/25,68.84,0.68,9
T000752,R017,12/17/25,52.97,0,11
T000753,R004,12/7/25,1.41,1.85,3
T000754,R023,12/24/25,22.92,5.26,2
T000755,R015,12/23/25,3.88,1.29,7
T000756,R011,12/30/25,9.7,0,5
T000757,R026,12/5/25,151.1,0,5
T000758,R003,12/12/25,5.38,1.41,10
T000759,R003,12/17/25,24.18,0.08,5
T000760,R016,12/23/25,33.7,0,4
T000761,R005,12/13/25,42.43,0.47,13
T000762,R021,12/23/25,110.39,0,5
T000763,R029,12/25/25,0.34,0,13
T000764,R010,12/3/25,13.83,0,4
T000765,R019,12/9/25,25.52,0,13
T000766,R025,12/30/25,3.22,6.23,6
T000767,R004,12/17/25,15.11,0.42,4
T000768,R029,12/17/25,1.18,0.69,2
T000769,R029,12/30/25,2.86,0,9
T000770,R019,12/20/25,17.7,0,2
T000771,R011,12/16/25,4.98,0.35,9
T000772,R002,12/25/25,101.32,0.65,10
T000773,R010,12/22/25,40.93,1.02,6
T000774,R029,12/13/25,56.43,0.01,9
T000775,R011,12/27/25,7.82,0.01,9
T000776,R025,12/19/25,6.42,0,3
T000777,R020,12/17/25,3.87,0,1
T000778,R016,12/4/25,35.41,0.2,1
T000779,R019,12/12/25,42.9,0.58,3
T000780,R023,12/29/25,1.12,2.84,5
T000781,R024,12/9/25,96.33,1.19,13
T000782,R011,12/19/25,1.87,0.75,3
T000783,R014,12/12/25,27.28,0.49,12
T000784,R002,12/9/25,146.65,11.84,9
T000785,R023,12/7/25,71.67,0.89,9
T000786,R028,12/28/25,43.82,0.16,3
T000787,R005,12/14/25,56.63,1.01,3
T000788,R027,12/31/25,14.51,0.17,12
T000789,R005,12/20/25,59.03,0.59,14
T000790,R019,12/19/25,2.92,1.24,5
T000791,R021,12/26/25,383.92,7.35,2
T000792,R012,12/15/25,109.16,0,6
T000793,R018,12/16/25,59.5,0,7
T000794,R004,12/21/25,21.07,0,13
T000795,R022,12/5/25,36.11,0.2,9
T000796,R017,12/3/25,26.16,0.34,6
T000797,R010,12/12/25,46.03,0.53,3
T000798,R020,12/25/25,2.98,0.58,12
T000799,R006,12/20/25,2.18,0.56,5
T000800,R025,12/27/25,9.93,0,4
T000801,R014,12/21/25,6.08,0,5
T000802,R011,12/4/25,71.89,1.64,8
T000803,R011,12/21/25,8.66,0.52,8
T000804,R029,12/23/25,130.34,2.43,6
T000805,R018,12/16/25,14.38,3.26,1
T000806,R027,12/25/25,7.04,0,8
T000807,R023,12/7/25,54.57,0,8
T000808,R022,12/13/25,37.63,1.77,2
T000809,R018,12/21/25,24.13,0.07,4
T000810,R024,12/10/25,28.37,0.42,12
T000811,R023,12/26/25,44.45,0.06,2
T000812,R011,12/7/25,9.08,1.62,4
T000813,R021,12/14/25,684.77,4.62,12
T000814,R012,12/31/25,540.54,0.33,13
T000815,R005,12/26/25,36.78,0.85,13
T000816,R023,12/5/25,7.79,0.64,10
T000817,R009,12/3/25,39.91,0,7
T000818,R027,12/23/25,2.62,0.14,9
T000819,R025,12/29/25,1.09,0,14
T000820,R009,12/11/25,10.43,2.43,14
T000821,R022,12/11/25,21.74,0,8
T000822,R010,12/18/25,70.95,0.15,12
T000823,R022,12/15/25,45.46,0.61,9
T000824,R019,12/12/25,47.51,3.98,8
T000825,R001,12/9/25,19.4,1.55,2
T000826,R007,12/10/25,74.13,2.12,7
T000827,R004,12/26/25,16.23,0.47,2
T000828,R001,12/12/25,153.79,1.58,13
T000829,R015,12/17/25,1.43,0.01,12
T000830,R008,12/29/25,70.62,1.06,11
T000831,R012,12/6/25,137.82,8.76,2
T000832,R022,12/7/25,20.21,1,4
T000833,R022,12/14/25,45.22,0,1
T000834,R018,12/13/25,23.34,0,5
T000835,R015,12/8/25,72.34,0.18,6
T000836,R017,12/10/25,80.84,4.07,9
T000837,R029,12/9/25,19.17,0.07,10
T000838,R014,12/18/25,11.34,0.8,8
T000839,R014,12/27/25,31.41,0,2
T000840,R018,12/26/25,85.21,0,1
T000841,R020,12/2/25,8.28,0.96,2
T000842,R018,12/5/25,34.14,0.61,7
T000843,R016,12/29/25,34.95,1.16,4
T000844,R001,12/5/25,46.23,1.21,10
T000845,R023,12/6/25,4.94,0,5
T000846,R027,12/19/25,44.04,0.18,12
T000847,R011,12/8/25,83.9,0,7
T000848,R015,12/16/25,6.93,0,3
T000849,R012,12/13/25,29.37,2.72,10
T000850,R008,12/1/25,124.4,0,2
T000851,R022,12/22/25,6.99,0,13
T000852,R020,12/20/25,67.44,1.65,7
T000853,R030,12/17/25,23.72,0,5
T000854,R006,12/31/25,9.94,1.56,14
T000855,R003,12/7/25,71.61,0.56,1
T000856,R028,12/25/25,20.63,0,1
T000857,R024,12/13/25,25.31,0,9
T000858,R026,12/4/25,15.58,0.83,5
T000859,R030,12/4/25,31.46,2.8,1
T000860,R013,12/6/25,6.25,1.81,7
T000861,R013,12/28/25,17.36,3.41,9
T000862,R002,12/31/25,607.46,8.93,11
T000863,R005,12/19/25,10.45,0.99,1
T000864,R017,12/29/25,37.42,0.54,10
T000865,R006,12/12/25,13.77,1.22,14
T000866,R002,12/22/25,256.03,1.3,13
T000867,R004,12/7/25,4.91,0,4
T000868,R022,12/27/25,122.52,1.71,14
T000869,R026,12/10/25,21.17,1.63,3
T000870,R011,12/26/25,9.42,0.49,5
T000871,R008,12/19/25,2.67,0.26,7
T000872,R012,12/7/25,22.24,0,8
T000873,R008,12/30/25,25.67,0.16,13
T000874,R011,12/3/25,14.38,0,2
T000875,R022,12/13/25,61.79,0,7
T000876,R020,12/13/25,19.73,0.18,14
T000877,R008,12/18/25,10.01,0.04,14
T000878,R029,12/28/25,33.6,0,1
T000879,R008,12/30/25,42.94,0,7
T000880,R026,12/26/25,6.4,0,8
T000881,R030,12/20/25,6.42,0,2
T000882,R017,12/28/25,1.31,0.55,9
T000883,R020,12/8/25,46.67,0.39,1
T000884,R020,12/29/25,38.15,1.98,13
T000885,R023,12/31/25,22.53,1.63,6
T000886,R016,12/9/25,65.06,0,1
T000887,R014,12/7/25,57.34,0.34,3
T000888,R030,12/1/25,30.81,0,11
T000889,R011,12/3/25,70.95,0.85,6
T000890,R007,12/13/25,27.34,0,3
T000891,R016,12/28/25,4.15,0.27,8
T000892,R013,12/30/25,11,1.16,5
T000893,R027,12/25/25,2.06,0.04,2
T000894,R015,12/31/25,26.51,0,4
T000895,R024,12/28/25,96.54,4.65,9
T000896,R016,12/17/25,1.4,0.85,4
T000897,R027,12/25/25,4.56,0,10
T000898,R021,12/24/25,103.52,0,10
T000899,R023,12/1/25,95.07,0.69,8
T000900,R024,12/6/25,13.3,0.18,5
T000901,R009,12/21/25,24.77,0.03,11
T000902,R003,12/6/25,1.49,2.47,11
T000903,R019,12/26/25,5.62,1.07,10
T000904,R020,12/12/25,151.02,0.6,13
T000905,R005,12/13/25,117.45,4.03,13
T000906,R010,12/13/25,0.17,0.22,14
T000907,R017,12/29/25,106.14,3.28,1
T000908,R015,12/15/25,35.67,0,7
T000909,R023,12/21/25,70.85,3.07,3
T000910,R025,12/16/25,21.23,1.29,10
T000911,R008,12/22/25,25.37,3.07,8
T000912,R015,12/21/25,23.49,5.79,14
T000913,R021,12/11/25,125.23,1.06,12
T000914,R030,12/28/25,5.26,3.41,3
T000915,R014,12/5/25,1.07,0.52,1
T000916,R020,12/4/25,12.88,0,5
T000917,R028,12/3/25,42.69,0.44,2
T000918,R007,12/19/25,34.73,1.51,11
T000919,R021,12/20/25,163.65,0,4
T000920,R023,12/25/25,122.63,1.13,1
T000921,R012,12/18/25,12.77,2.96,9
T000922,R017,12/15/25,39.08,2.51,6
T000923,R017,12/9/25,20.53,2.51,8
T000924,R010,12/17/25,70.91,0,11
T000925,R030,12/14/25,6.82,0.5,4
T000926,R029,12/15/25,41.29,0.32,9
T000927,R019,12/31/25,63.73,0,2
T000928,R014,12/1/25,101.27,0,9
T000929,R011,12/21/25,40.24,0,12
T000930,R002,12/22/25,94.95,1.3,5
T000931,R018,12/22/25,33.67,4.75,13
T000932,R007,12/3/25,312.81,0,6
T000933,R012,12/16/25,108.33,0,3
T000934,R026,12/23/25,1.08,0,4
T000935,R002,12/25/25,357.82,0.49,6
T000936,R027,12/11/25,40.94,1.03,7
T000937,R020,12/12/25,39.5,1.03,1
T000938,R018,12/10/25,8.5,1.17,7
T000939,R006,12/16/25,37.64,0,1
T000940,R024,12/8/25,17.52,8.91,5
T000941,R010,12/6/25,36.87,3.72,6
T000942,R020,12/12/25,3.94,1.03,13
T000943,R015,12/24/25,37.54,1.18,2
T000944,R005,12/28/25,260.46,1.36,13
T000945,R020,12/21/25,1.73,0.39,10
T000946,R003,12/8/25,132.3,0.88,9
T000947,R005,12/26/25,18.28,0.06,14
T000948,R030,12/28/25,71.61,0.9,10
T000949,R025,12/4/25,53.38,0.82,6
T000950,R008,12/26/25,29.3,0,7
T000951,R008,12/8/25,46.94,5.82,14
T000952,R008,12/26/25,73.78,3.36,10
T000953,R012,12/28/25,75.16,4.36,8
T000954,R024,12/18/25,13.86,1.33,11
T000955,R023,12/28/25,38.55,2.86,13
T000956,R008,12/28/25,57.73,0.15,10
T000957,R011,12/5/25,50.28,2.74,1
T000958,R014,12/9/25,55.95,0.14,14
T000959,R008,12/4/25,20.02,2.21,8
T000960,R029,12/27/25,59.6,0,4
T000961,R030,12/22/25,4.48,0,10
T000962,R024,12/31/25,27.52,5.05,8
T000963,R028,12/17/25,0.2,0.23,13
T000964,R010,12/9/25,13.74,0.65,6
T000965,R007,12/1/25,58.02,13.16,11
T000966,R028,12/21/25,17.66,0.92,9
T000967,R017,12/20/25,41.61,2.79,11
T000968,R004,12/13/25,17.22,0.93,4
T000969,R029,12/28/25,20.84,0.82,2
T000970,R013,12/16/25,9.49,0.47,14
T000971,R004,12/29/25,16.35,0.32,2
T000972,R005,12/13/25,9.02,2.01,5
T000973,R026,12/14/25,2.66,0.51,10
T000974,R022,12/3/25,32.37,1.25,9
T000975,R004,12/29/25,38.61,1.19,12
T000976,R018,12/6/25,33.82,1.51,3
T000977,R006,12/18/25,21.79,3.51,8
T000978,R024,12/19/25,16.72,0,4
T000979,R024,12/5/25,69.66,0,6
T000980,R023,12/15/25,25.62,3.08,10
T000981,R022,12/25/25,22.83,1.52,6
T000982,R002,12/2/25,4.04,0,3
T000983,R023,12/10/25,14.61,4.37,14
T000984,R011,12/24/25,16.74,0,5
T000985,R028,12/30/25,17.81,0.16,12
T000986,R014,12/18/25,30.38,3.37,3
T000987,R030,12/27/25,26.7,0,11
T000988,R005,12/13/25,32.77,1.97,11
T000989,R006,12/5/25,50.67,0,1
T000990,R010,12/23/25,58.68,0,7
T000991,R008,12/24/25,44.32,0,4
T000992,R014,12/1/25,108.95,1.04,14
T000993,R024,12/22/25,0.64,0.75,7
T000994,R003,12/1/25,7.63,0,3
T000995,R012,12/18/25,1.09,7.48,12
T000996,R016,12/15/25,36.49,0.03,11
T000997,R028,12/17/25,79.91,0.91,5
T000998,R030,12/11/25,9.77,0,5
T000999,R023,12/21/25,91.62,1.35,13
T001000,R017,12/26/25,2.18,1.24,2